CUE,CUI,Establecimiento,Departamento,Ambito
700021200,PROV0901,"Nocturna Ricardo Balbín","9 DE JULIO",PUBLICO
700021201,7000227,"Anexo Nocturna Doctor Ricardo Balbín","9 DE JULIO",PUBLICO
700021300,7000229,"Escuela Primaria Esteban De Luca","9 DE JULIO",PUBLICO
700021400,7000226,"Escuela Primaria Eusebio Segundo Zapata","9 DE JULIO",PUBLICO
700021500,PROV0901,"Escuela Educación Especial Juana Azurduy De Padilla","9 DE JULIO",PUBLICO
700021600,7000225,"Agrotécnica Prof. Ana Pérez Ciani","9 DE JULIO",PUBLICO
700039400,7000228,"Escuela Primaria Procesa Sarmiento De Lenoir","9 DE JULIO",PUBLICO
700039500,7000227,"Escuela Primaria Doctor Luis Agote","9 DE JULIO",PUBLICO
700056500,7000230,"Escuela Primaria Granaderos De San Martín","9 DE JULIO",PUBLICO
700066801,7000227,"Anexo Escuela Técnica Capacitación Laboral Domingo Matheu","9 DE JULIO",PUBLICO
700073700,7000230,"Escuela Técnica Capacitación Laboral Jorge Humberto Yacante","9 DE JULIO",PUBLICO
700089100,7000228,"Escuela Secundaria Procesa Sarmiento De Lenoir","9 DE JULIO",PUBLICO
700097500,7000230,"C.E.N.S. Jorge H. Yacante","9 DE JULIO",PUBLICO
700103000,7000226,"J.I.N.Z. Nº 32 Sede Escuela Primaria Eusebio Segundo Zapata","9 DE JULIO",PUBLICO
700103003,7000229,"J.I.N.Z. Nº 32 Anexo Escuela Primaria Esteban De Luca","9 DE JULIO",PUBLICO
700103004,7000227,"J.I.N.Z. Nº 32 Anexo Escuela Primaria Dr. Luis Agote","9 DE JULIO",PUBLICO
700103005,7000228,"J.I.N.Z. Nº 32 Anexo Escuela Primaria Procesa Sarmiento De Lenoir","9 DE JULIO",PUBLICO
700104600,7000230,"E.N.I. Nº 66 Pequeños Granaderos","9 DE JULIO",PUBLICO
700112700,7000227,"C.E.N.S. Las Chacritas","9 DE JULIO",PUBLICO
700002800,7050028,"Escuela Secundario General Don Toribio De Luzuriaga",ALBARDON,PUBLICO
700005600,7000003,"C.E.N.S. 249 César Hermógenes Guerrero",ALBARDON,PUBLICO
700005700,7000011,"Escuela Primaria Adán Quiroga",ALBARDON,PUBLICO
700005800,7000012,"Escuela Primaria Benita Dávila De De Los Ríos",ALBARDON,PUBLICO
700032900,7000009,"Escuela Primaria Vicente López Y Planes",ALBARDON,PUBLICO
700033000,7000015,"Escuela Primaria Camilo Rojo",ALBARDON,PUBLICO
700033100,7000016,"E.P.E.T. Nº 1 Albardon",ALBARDON,PUBLICO
700037600,7000006,"Escuela Primaria Vicecomodoro Gustavo Marambio",ALBARDON,PUBLICO
700037700,7000007,"Escuela Primaria José María Paz",ALBARDON,PUBLICO
700037800,7000003,"Escuela Primaria Juan Mantovani",ALBARDON,PUBLICO
700038000,7000001,"Nocturna Juan E. Seru",ALBARDON,PUBLICO
700038100,7000001,"Escuela Primaria Villicúm",ALBARDON,PUBLICO
700038200,7000010,"Escuela Primaria Ejército De Los Andes",ALBARDON,PUBLICO
700038300,7000013,"Escuela Primaria Juan Gregorio De Las Heras",ALBARDON,PUBLICO
700038400,7000014,"Escuela Educación Especial Profesora Hebe Nora Arce De Videla De Oro",ALBARDON,PUBLICO
700038500,7000017,"Escuela Primaria Provincia De Jujuy",ALBARDON,PUBLICO
700063100,7050437,"Escuela Primaria Regimiento De Patricios",ALBARDON,PUBLICO
700066221,7000006,"P.R.O.P.A.A. Zona Norte Unidad Educativa Nº 52",ALBARDON,PUBLICO
700069600,PROV0102,"Mision Monotecnica Y De Extension Cultural Nº 44",ALBARDON,PUBLICO
700070900,7050028,"Escuela Técnica Capacitación Laboral Sofia Lenoir De Klappenbach",ALBARDON,PUBLICO
700070901,7000001,"Anexo Escuela Técnica Capacitación Laboral Sofia L. Klappenbach",ALBARDON,PUBLICO
700078000,7000001,"Escuela Técnica Capacitación Laboral Ingeniero Luis Noussan",ALBARDON,PUBLICO
700083800,7000015,"E.N.I. Nº 15 Tulum",ALBARDON,PUBLICO
700084100,PROV0101,"Escuela Secundaria Presidente Néstor Carlos Kirchner",ALBARDON,PUBLICO
700085100,7000001,"E.N.I. Nº 17 Xelu",ALBARDON,PUBLICO
700085200,7000003,"E.N.I. Nº 19 Tanitaní",ALBARDON,PUBLICO
700085500,7000009,"E.N.I. Nº 21 Huepil",ALBARDON,PUBLICO
700097300,7000017,"J.I.N.Z. Nº 33 Sede Escuela Primaria Provincia De Jujuy",ALBARDON,PUBLICO
700097301,7000012,"J.I.N.Z. Nº 33 Anexo Escuela Primaria Benita Dávila De Los Ríos",ALBARDON,PUBLICO
700097302,7000006,"J.I.N.Z. Nº 33 Anexo Escuela Primaria Vicecomodoro Gustavo Marambio",ALBARDON,PUBLICO
700097400,7000007,"J.I.N.Z. Nº 34 Sede Escuela Primaria José María Paz",ALBARDON,PUBLICO
700097401,7000013,"J.I.N.Z. Nº 34 Anexo Escuela Primaria Juan Gregorio De Las Heras",ALBARDON,PUBLICO
700097402,7000010,"J.I.N.Z. Nº 34 Anexo Escuela Primaria Ejercito De Los Andes",ALBARDON,PUBLICO
700097403,7050437,"J.I.N.Z. Nº 34 Anexo Escuela Primaria Regimiento De Patricios",ALBARDON,PUBLICO
700097404,7000011,"J.I.N.Z. Nº 34 Anexo Escuela Primaria Adán Quiroga",ALBARDON,PUBLICO
700097700,7000001,"C.E.N.S. Ingeniero Luis A. Noussan",ALBARDON,PUBLICO
700100200,PROV0103,"Escuela Secundaria Juan Mantovani",ALBARDON,PUBLICO
700106100,7050437,"Escuela Secundaria Regimiento de Patricios",ALBARDON,PUBLICO
700107400,7000011,"Escuela Secundaria Adán Quiroga",ALBARDON,PUBLICO
700110200,7000006,"Escuela Secundaria Vice Comodoro Gustavo Marambio",ALBARDON,PUBLICO
700014600,7000027,"Escuela Primaria Doctor Bernardo Houssay",ANGACO,PUBLICO
700014700,PROV0203,"Escuela Primaria Mary Mann",ANGACO,PUBLICO
700014800,7000024,"Escuela Primaria Juan José Paso",ANGACO,PUBLICO
700014900,7000019,"Escuela Isla Vicecomodoro Marambio EMER",ANGACO,PUBLICO
700015000,PROV0204,"Escuela Profesor Víctor Mercante",ANGACO,PUBLICO
700015200,PROV0206,"Escuela Primaria José Alejandro Segovia EMER",ANGACO,PUBLICO
700048900,7000026,"Escuela Primaria Juan Huarpe EMER",ANGACO,PUBLICO
700049000,7000020,"Escuela Juan Pascual Pringles EMER",ANGACO,PUBLICO
700049200,7000029,"Escuela Primaria Juan Jufré",ANGACO,PUBLICO
700049300,7000029,"Nocturna Ángel Rogelio González",ANGACO,PUBLICO
700049400,PROV0202,"Escuela Secundario Cacique Angaco",ANGACO,PUBLICO
700049500,7000022,"Escuela Primaria Cirilo Sarmiento",ANGACO,PUBLICO
700049600,7000021,"Escuela Primaria Capitán Juan Eugenio De Mallea EMER",ANGACO,PUBLICO
700068200,7000024,"Escuela Técnica Capacitación Laboral Juan José Paso",ANGACO,PUBLICO
700068201,7000022,"Anexo Escuela Técnica Capacitación Laboral Juan José Paso",ANGACO,PUBLICO
700070200,7100106,"Mision Monotecnica Y De Extensión Cultural Nº 59",ANGACO,PUBLICO
700071500,7000029,"Escuela Técnica Capacitación Laboral Juan De Garay",ANGACO,PUBLICO
700081600,7100111,"Escuela Educación Especial Teresa De Ascencio",ANGACO,PUBLICO
700087700,PROV0201,"E.N.I. Nº 38 La Ñusta",ANGACO,PUBLICO
700097600,7000029,"C.E.N.S. Juan De Garay",ANGACO,PUBLICO
700100400,7000024,"Escuela Secundaria Juan José Paso",ANGACO,PUBLICO
700101500,7000022,"Escuela Secundaria Cirilo Sarmiento",ANGACO,PUBLICO
700102700,7000021,"J.I.N.Z. Nº 13 Sede Escuela Primaria Capitán Juan Eugenio De Mallea",ANGACO,PUBLICO
700102701,PROV0206,"J.I.N.Z. Nº 13 Anexo Escuela Primaria José Alejandro Segovia",ANGACO,PUBLICO
700102702,7000020,"J.I.N.Z. Nº 13 Anexo Escuela Primaria Juan Pascual Pringles",ANGACO,PUBLICO
700102703,7000022,"J.I.N.Z. Nº 13 Anexo Escuela Primaria Cirilo Sarmiento",ANGACO,PUBLICO
700102704,7000019,"J.I.N.Z. Nº 13 Anexo Escuela Primaria Isla Vicecomodoro Marambio",ANGACO,PUBLICO
700103800,7000027,"J.I.N.Z. Nº 14 Sede Escuela Primaria Doctor Bernardo Houssay",ANGACO,PUBLICO
700103801,7000024,"J.I.N.Z. Nº 14 Anexo Escuela Primaria Juan José Paso",ANGACO,PUBLICO
700103802,PROV0203,"J.I.N.Z. Nº 14 Anexo Escuela Primaria Mary Mann",ANGACO,PUBLICO
700103803,PROV0204,"J.I.N.Z. Nº 14 Anexo Escuela Primaria Profesor Víctor Mercante",ANGACO,PUBLICO
700103804,7000026,"J.I.N.Z. Nº 14 Anexo Escuela Primaria Juan Huarpe",ANGACO,PUBLICO
700112200,7000021,"Escuela Secundaria Capitán Juan Eugenio De Mallea",ANGACO,PUBLICO
700114600,PROV0202,"Instituto Superior De Formación Técnica de Angaco",ANGACO,PUBLICO
700006600,7000178,"Escuela Primaria Juan José De Vértiz",IGLESIA,PUBLICO
700006700,7000187,"Escuela Primaria Yapeyú",IGLESIA,PUBLICO
700006800,7000181,"Escuela Primaria 17 De Agosto",IGLESIA,PUBLICO
700006900,7000438,"Escuela Primaria Manuel Alberti",IGLESIA,PUBLICO
700007100,7000175,"Escuela Primaria Antártida Argentina",IGLESIA,PUBLICO
700007200,7000174,"Escuela Primaria Hilario Ascasubi",IGLESIA,PUBLICO
700007300,7050063,"Escuela Primaria Albergue Paso De Los Andes",IGLESIA,PUBLICO
700007500,7000180,"Escuela Primaria Dalmacio Vélez Sarsfield",IGLESIA,PUBLICO
700007600,7000185,"Escuela Agrotécnica Cornelio Saavedra",IGLESIA,PUBLICO
700007800,7000186,"Escuela Primaria Ricardo Güiraldes",IGLESIA,PUBLICO
700008000,7050068,"Escuela Primaria Presidente Mitre",IGLESIA,PUBLICO
700008001,7050069,"Escuela Primaria Anexo Cacique Pismanta",IGLESIA,PUBLICO
700024500,7000184,"Escuela Primaria Provincia De Santa Cruz",IGLESIA,PUBLICO
700038900,7000177,"Escuela Primaria Albergue Miguel Cané",IGLESIA,PUBLICO
700062300,7000187,"Escuela Secundaria Bachillerato Columna Cabot",IGLESIA,PUBLICO
700065000,7050444,"Escuela de Educación Especial Felipa Rojas",IGLESIA,PUBLICO
700066219,7000187,"P.R.O.P.A.A. Zona Norte Unidad Educativa Nº 26",IGLESIA,PUBLICO
700066900,7000187,"Escuela Técnica Capacitación Laboral Nº 25 Hellen Keller",IGLESIA,PUBLICO
700066901,7000178,"Anexo Escuela Técnica Capacitación Laboral Nº 25 Hellen Keller",IGLESIA,PUBLICO
700070100,PROV0703,"Escuela Técnica Capacitación Laboral Aconcagua",IGLESIA,PUBLICO
700070101,PROV0701,"Anexo Escuela Técnica Capacitación Laboral Aconcagua",IGLESIA,PUBLICO
700072900,7000186,"Escuela Técnica Capacitación Laboral Nº 24",IGLESIA,PUBLICO
700087100,PROV0702,"E.N.I. Nº 32 Camino Del Inca",IGLESIA,PUBLICO
700097000,7000184,"U.E.P.A. Iglesia",IGLESIA,PUBLICO
700100800,7000175,"Escuela Secundaria Angualasto",IGLESIA,PUBLICO
700102000,7000181,"J.I.N.Z. Nº 6 Sede Escuela Primaria 17 De Agosto",IGLESIA,PUBLICO
700102001,7000178,"J.I.N.Z. Nº 6 Anexo Escuela Primaria Juan José De Vértiz",IGLESIA,PUBLICO
700102002,7000438,"J.I.N.Z. Nº 6 Anexo Escuela Primaria Manuel Alberti",IGLESIA,PUBLICO
700102003,7000186,"J.I.N.Z. Nº 6 Anexo Escuela Primaria Ricardo Güiraldes",IGLESIA,PUBLICO
700102004,7000187,"J.I.N.Z. Nº 6 Anexo Escuela Primaria Yapeyú",IGLESIA,PUBLICO
700102600,7050068,"J.I.N.Z. Nº 8 Sede Escuela Primaria Presidente Mitre",IGLESIA,PUBLICO
700102601,7050069,"J.I.N.Z. Nº 8 Anexo Escuela Primaria Cacique Pismanta",IGLESIA,PUBLICO
700102602,7000180,"J.I.N.Z. Nº 8 Anexo Escuela Primaria Dalmacio Vélez Sarfield",IGLESIA,PUBLICO
700102603,7000175,"J.I.N.Z. Nº 8 Anexo Escuela Primaria Antártida Argentina",IGLESIA,PUBLICO
700102604,7000174,"J.I.N.Z. Nº 8 Anexo Escuela Primaria Hilario Ascasubi",IGLESIA,PUBLICO
700105000,7000186,"Escuela Secundaria Ricardo Güiraldes",IGLESIA,PUBLICO
700114300,PROV0702,"Escuela Primaria Albergue Rodeo",IGLESIA,PUBLICO
700115800,7000181,"Escuela Secundaria 17 De Agosto",IGLESIA,PUBLICO
700010300,7000327,"Escuela Primaria Horacio Mann","SAN MARTIN",PUBLICO
700042600,7000324,"Escuela Primaria Autonomía Ciudad De Bailén","SAN MARTIN",PUBLICO
700042700,7000326,"Escuela Primaria Dominguito","SAN MARTIN",PUBLICO
700042800,PROV1301,"Colegio Secundario Augusto Pulenta","SAN MARTIN",PUBLICO
700043000,7000332,"Escuela Primaria Ernestina Echegaray De Andino","SAN MARTIN",PUBLICO
700043100,7000333,"Escuela Primaria Julio Verne","SAN MARTIN",PUBLICO
700043200,7000322,"Escuela Primaria Alejandro María De Aguado","SAN MARTIN",PUBLICO
700043300,7000323,"Escuela Primaria Combate De San Lorenzo","SAN MARTIN",PUBLICO
700043400,7000325,"Escuela Primaria Provincia De Neuquén","SAN MARTIN",PUBLICO
700043500,7000328,"Escuela Educación Especial Crucero A.R.A. General Belgrano","SAN MARTIN",PUBLICO
700043600,7000329,"Escuela Primaria Antonio Pulenta","SAN MARTIN",PUBLICO
700043700,7000330,"Escuela Primaria Juan Larrea EMER","SAN MARTIN",PUBLICO
700043800,7000331,"Escuela Primaria República Del Perú","SAN MARTIN",PUBLICO
700066317,7000324,"P.R.O.P.A.A. Zona Este Unidad Educativa Nº 77","SAN MARTIN",PUBLICO
700067100,7000330,"Escuela de Formación Profesional Miguel Antonio León","SAN MARTIN",PUBLICO
700071200,7000332,"Escuela Técnica Capacitación Laboral María Conti De Tinto","SAN MARTIN",PUBLICO
700071201,7000326,"Anexo Escuela Técnica Capacitación Laboral María Conti De Tinto","SAN MARTIN",PUBLICO
700075200,7000322,"Escuela Técnica De Capacitación Laboral Madre Teresa De Calcuta","SAN MARTIN",PUBLICO
700080900,7000322,"C.E.N.S. San Martín","SAN MARTIN",PUBLICO
700086200,7000322,"Escuela Secundaria Alejandro María De Aguado","SAN MARTIN",PUBLICO
700091600,7000322,"E.N.I. Nº 48 Portal Pie De Palo","SAN MARTIN",PUBLICO
700092300,7000325,"Escuela Secundaria Profesor Julio Gutierrez","SAN MARTIN",PUBLICO
700097800,7000330,"Escuela Secundaria Juan Larrea","SAN MARTIN",PUBLICO
700098200,7000331,"J.I.N.Z. Nº 35 Sede Escuela Primaria República Del Perú","SAN MARTIN",PUBLICO
700098201,7000325,"J.I.N.Z. Nº 35 Anexo Escuela Primaria Provincia De Neuquén","SAN MARTIN",PUBLICO
700098202,7000333,"J.I.N.Z. Nº 35 Anexo Escuela Primaria Julio Verne","SAN MARTIN",PUBLICO
700102800,7000330,"J.I.N.Z. Nº 15 Sede Escuela Primaria Juan Larrea","SAN MARTIN",PUBLICO
700102801,7000329,"J.I.N.Z. Nº 15 Anexo Escuela Primaria Antonio Pulenta","SAN MARTIN",PUBLICO
700102803,7000323,"J.I.N.Z. Nº 15 Anexo Escuela Primaria Combate De San Lorenzo","SAN MARTIN",PUBLICO
700103700,7000324,"J.I.N.Z. Nº 12 Sede Escuela Primaria Autonomía Ciudad De Bailén","SAN MARTIN",PUBLICO
700103701,7000326,"J.I.N.Z. Nº 12 Anexo Escuela Primaria Dominguito","SAN MARTIN",PUBLICO
700103702,7000327,"J.I.N.Z. Nº 12 Anexo Escuela Primaria Horacio Mann","SAN MARTIN",PUBLICO
700103703,7000332,"J.I.N.Z. Nº 12 Anexo Escuela Primaria Ernestina Echegaray De Andino","SAN MARTIN",PUBLICO
700112500,PROV1301,"Instituto Superior Técnico De San Martín","SAN MARTIN",PUBLICO
700112501,7000330,"Instituto Superior Técnico de San Martín Anexo","SAN MARTIN",PUBLICO
700115100,7000326,"Nocturna Ceferino Namuncurá","SAN MARTIN",PUBLICO
700028800,7000378,"C.E.N.S. Ullum",ULLUM,PUBLICO
700028900,7000379,"E.P.E.T. Nº 9 Doctor René Favaloro",ULLUM,PUBLICO
700029000,7000378,"Nocturna Doctor Rodolfo Edgar Brusotti",ULLUM,PUBLICO
700029001,7000380,"Anexo Nocturna Doctor Rodolfo Edgar Brusotti",ULLUM,PUBLICO
700029100,7000380,"Escuela Primaria Benjamín Lenoir",ULLUM,PUBLICO
700029200,7000378,"Escuela Primaria Elvira De La Riestra De Láinez",ULLUM,PUBLICO
700064500,7050442,"Escuela Educación Especial Múltiple De Ullum",ULLUM,PUBLICO
700071000,7000379,"Escuela Técnica Capacitación Laboral Armando Gaviorno",ULLUM,PUBLICO
700076100,7000378,"Instituto Superior Técnico de Ullum",ULLUM,PUBLICO
700093900,7000378,"E.N.I. Nº 43 Mafalda",ULLUM,PUBLICO
700115000,PROV1601,"E.N.I. Nº 81 Huellitas De Amor",ULLUM,PUBLICO
700029400,7000427,"Escuela Primaria Mercedes Nieva De Castro",ZONDA,PUBLICO
700029500,PROV1902,"Escuela Educación Especial Zonda",ZONDA,PUBLICO
700029600,7000430,"Escuela Primaria Rafael Obligado",ZONDA,PUBLICO
700046500,7000427,"Nocturna Ingeniero Matías Sánchez De Loria",ZONDA,PUBLICO
700066421,7000430,"P.R.O.P.A.A. Zona Oeste Unidad Educativa Nº 55",ZONDA,PUBLICO
700068500,7000430,"Escuela Técnica Capacitación Laboral Jeronimo Luis De Cabrera",ZONDA,PUBLICO
700075100,PROV1901,"Agrotécnica De Zonda",ZONDA,PUBLICO
700081000,7000430,"C.E.N.S. Zonda",ZONDA,PUBLICO
700107200,7000427,"Escuela Secundaria de Zonda",ZONDA,PUBLICO
700107800,7000430,"E.N.I. Nº 73 Sierras Azules",ZONDA,PUBLICO
700114900,7000427,"E.N.I. Nº 80 Cielo Alto",ZONDA,PUBLICO
